Source,Destination,Agent,Path,Cost (m),Nodes Explored,Time (s)
Reception,Library,PATHFINDER (Greedy),Reception -> PowerArea -> Playground -> Parking -> Tower2_Rear -> Library,27,6,0.000341
Reception,Library,ORBIT (A*),Reception -> PowerArea -> Playground -> Parking -> Tower2_Rear -> Library,27,6,0.000132
Canteen,NewBuilding2,PATHFINDER (Greedy),Canteen -> G1 -> Auditorium -> NewBuilding2,21,4,0.000061
Canteen,NewBuilding2,ORBIT (A*),Canteen -> G1 -> Auditorium -> NewBuilding2,21,4,0.000058
G1,CSE_Lab,PATHFINDER (Greedy),No Path Found,inf,28,0.000766
G1,CSE_Lab,ORBIT (A*),No Path Found,inf,18,0.000485
Auditorium,CSE_Seminar,PATHFINDER (Greedy),No Path Found,inf,40,0.001220
Auditorium,CSE_Seminar,ORBIT (A*),No Path Found,inf,18,0.000515
Library,Canteen,PATHFINDER (Greedy),Library -> Tower2_Rear -> Parking -> Playground -> PowerArea -> Reception -> Canteen,31,7,0.000105
Library,Canteen,ORBIT (A*),Library -> Tower2_Rear -> Parking -> Playground -> PowerArea -> Reception -> Canteen,31,7,0.000101
